Workbook

Sheet Start here
B1: nEXO SiPM tile characterization: data-taking workbook
B2: One workbook per tile. It is the written, checked record of the cabling and of the initial and coarse characterization at each temperature. The DAQ web app takes the data and posts automatic lab book entries; this workbook is where a person confirms what was done and what was found.
B4: How to fill it in
B5: Example | C5: Light yellow: type here.
B6: Example | C6: Blue text on yellow: pre-filled from the bench as it is cabled today (MUX channels 1-16 and 23-30, digitizer channel = MUX channel). Overwrite if yours differs.
B7: Example | C7: Grey: calculated. Do not type over these cells.
B8: Example | C8: Green text: copied from another sheet of this workbook.
B9: Example | C9: Grey italic row under each header: an example of the format. It is not data and is left out of every calculation.
B11: For each temperature
B12: Make a copy of 'Initial char' and 'Coarse char' for every temperature (right-click the tab, Move or Copy, Create a copy) and name them e.g. 'Initial 165K'. Set the temperature at the top of each copy. 'Coarse char' reads V_BD and A0 from the sheet named in its formulas; after copying, point it at the matching Initial copy (Find & Replace 'Initial char'!).
B14: Procedure step | C14: Where in the DAQ web app / which sheet
B15: INITIAL CHARACTERIZATION
B16: 1. Connect each MUX channel to a feedthrough channel (one quad = 24 SiPMs on MUX channels 1-16 and 23-30). | C16: Sheet 'Connections': one row per MUX channel and quad.
B17: 2. Note the connection in the spreadsheet; a second person checks it. | C17: 'Connections': feedthrough, tile SiPM #, connected by, verified by.
B18: 3. Using an estimate of V_BD at this temperature, set the bias to 3 V overvoltage. | C18: Digitizer tab > characterization: create a channel table (new: tile, quad, temperature), enter the V_BD estimate, overvoltages '3, 4'.
B19: 4. Set the MUX to the first channel. | C19: Automatic with 'switch IV MUX' on; the MUX channels field lists the channels to run.
B20: 5. Set the trigger threshold on the first channel (estimate). | C20: 'Trigger threshold' field (ADC counts above baseline).
B21: 6. Acquire 100 waveforms. | C21: 'Waveforms / point' = 100, then run.
B22: 7. Check the waveforms! Are you triggering at 0.5 SPE? Note the 0.5 SPE threshold for that bias voltage. | C22: 'Latest run' plots: sample waveforms, amplitude spectrum, median vs bias. The 'check' column flags a threshold outside 0.3-0.7 SPE and suggests a value. Every acquisition is also in the waveforms sub-tab for a one-by-one look. Sheet 'Initial char': median A1 and 'checked?'.
B23: 8. Set the bias to 4 V overvoltage, keeping the previous trigger threshold. | C23: Automatic (second overvoltage).
B24: 9. Acquire waveforms and check them. Note the 0.5 SPE threshold. | C24: The plan says 10 waveforms; the app takes the same number at both points (100 recommended: the median error goes as 1/sqrt(N)). 'Initial char': median A2.
B25: 10. Using A = A0 (V - V_BD), work out the SPE amplitude and V_BD. | C25: Automatic: written to the channel table and to one lab book entry with a plot per channel and an HDF5 file. 'Initial char' recomputes A0 and V_BD from the medians you copy in, as a check.
B26: 11. Set the MUX to the next channel; repeat until the whole 96-SiPM tile is done. | C26: One run covers all listed channels. Re-cable for the next quad and create a new channel table for it.
B27: COARSE CHARACTERIZATION
B28: 12. Connect each MUX channel to each feedthrough channel (as for the initial characterization). | C28: 'Connections'.
B29: 13. From A = A0 (V - V_BD) you know the SPE amplitude and V_BD of every channel. | C29: Channel table on the characterization sub-tab (hand edits allowed). 'Coarse char' lists the bias points and 0.5 SPE thresholds.
B30: 14. Coarse sweep for one quad: 2 V to 6 V overvoltage in 1 V steps, 1000 waveforms at each step. | C30: L3 tab > 'coarse sweep from a characterization table': pick the table, append to list, run. The trigger follows 0.5 SPE at every bias point.
B31: 15. Connect the MUX to the next quad; repeat until the whole tile is done. | C31: One channel table and one L3 run per quad. Log each in 'Shift log'.
B33: Names and files
B34: Channel table name: <tile>_<quad>_<T>K, e.g. tile1_Q1_165K (the app suggests it).
B35: Initial characterization data: data/characterization/<table>/initial_<date>_<time>.h5 (waveforms and amplitudes for every point). The table itself is data/characterization/<table>.json and can be exported as CSV for this workbook.
B36: Coarse sweep: L3 run id <table>_coarse (filled in by the app), data/<run id>_<date>.h5.
B37: V_BD of SiPMs on one tile usually scatter by about 0.2 V. 'Initial char' marks a V_BD more than 3 standard deviations from the tile mean in red: re-check that channel's cabling and waveforms before the coarse sweep.

Sheet Connections
A1: Connections: MUX channel to feedthrough, per quad
A2: Tile: | D2: Rows line up with 'Initial char' and 'Coarse char' (same order): do not sort or delete rows.
A4: Quad | B4: Tile SiPM # | C4: Feedthrough ch | D4: MUX ch | E4: Digitizer ch | F4: Signal seen? (Y/N) | G4: Connected by | H4: Date | I4: Verified by | J4: Notes
A5: Q1 | B5: 7 | C5: J1-07 | D5: 7 | E5: 7 | F5: Y | G5: LC | H5: 2026-10-03 | I5: RS | J5: Example row: format only
A6: Q1 | D6: 1 | E6: 1
A7: Q1 | D7: 2 | E7: 2
A8: Q1 | D8: 3 | E8: 3
A9: Q1 | D9: 4 | E9: 4
A10: Q1 | D10: 5 | E10: 5
A11: Q1 | D11: 6 | E11: 6
A12: Q1 | D12: 7 | E12: 7
A13: Q1 | D13: 8 | E13: 8
A14: Q1 | D14: 9 | E14: 9
A15: Q1 | D15: 10 | E15: 10
A16: Q1 | D16: 11 | E16: 11
A17: Q1 | D17: 12 | E17: 12
... A101: Q4 | D101: 30 | E101: 30

Sheet Initial char
A1: Initial characterization: 2 bias points per SiPM, A = A0 (V - V_BD)
A2: Temperature (K) | F2: OV1 (V) | H2: 3 | J2: V1 (V) | K2: =IF($D$3="","",$D$3+$H$2) | M2: Channels fitted | P2: =COUNT(O8:O103) -> 0
A3: V_BD estimate (V) | F3: OV2 (V) | H3: 4 | J3: V2 (V) | K3: =IF($D$3="","",$D$3+$H$3) | M3: V_BD mean / sd (V) | P3: =IF(COUNT(O8:O103)=0,"",AVERAGE(O8:O103)) | Q3: =IF(COUNT(O8:O103)<2,"",STDEV(O8:O103))
M4: A0 mean / sd (ADC/V) | P4: =IF(COUNT(N8:N103)=0,"",AVERAGE(N8:N103)) | Q4: =IF(COUNT(N8:N103)<2,"",STDEV(N8:N103))
A6: Quad | B6: MUX ch | C6: Digitizer ch | D6: Tile SiPM # | E6: Trigger threshold (ADC) | F6: N wfs @V1 | G6: Median A1 @V1 (ADC) | H6: 0.5 SPE @V1 (ADC) | I6: Checked @V1? (Y/N) | J6: N wfs @V2 | K6: Median A2 @V2 (ADC) | L6: 0.5 SPE @V2 (ADC) | M6: Checked @V2? (Y/N) | N6: A0 (ADC/V) | O6: V_BD (V) | P6: SPE @OV+3 (ADC) | Q6: Threshold / SPE @V1 | R6: V_BD - tile mean (V) | S6: HDF5 file | T6: Lab book entry | U6: Operator | V6: Date | W6: Notes
A7: Q1 | B7: 7 | C7: 7 | D7: 7 | E7: 420 | F7: 100 | G7: 862 | H7: 431 | I7: Y | J7: 100 | K7: 1151 | L7: 576 | M7: Y | N7: 289 | O7: 45.017 | P7: 867 | Q7: 0.49 | R7: -0.08 | S7: data/characterization/tile1_Q1_165K/initial_20261003_101500.h5 | T7: Initial characterization · tile1_Q1_165K | U7: LC | V7: 2026-10-03 | W7: Example row (V1 48.0 V, V2 49.0 V): format only
A8: =Connections!A6 -> Q1 | B8: =Connections!D6 -> 1 | C8: =IF(Connections!E6="","",Connections!E6) -> 1 | D8: =IF(Connections!B6="","",Connections!B6) | H8: =IF(G8="","",G8/2) | L8: =IF(K8="","",K8/2) | N8: =IF(OR(G8="",K8="",$K$2="",$K$3=""),"",(K8-G8)/($K$3-$K$2)) | O8: =IF(N8="","",IF(N8<=0,"",$K$2-G8/N8)) | P8: =IF(N8="","",3*N8) | Q8: =IF(OR(E8="",G8="",G8=0),"",E8/G8) | R8: =IF(OR(O8="",$P$3=""),"",O8-$P$3)
A9: =Connections!A7 -> Q1 | B9: =Connections!D7 -> 2 | C9: =IF(Connections!E7="","",Connections!E7) -> 2 | D9: =IF(Connections!B7="","",Connections!B7) | H9: =IF(G9="","",G9/2) | L9: =IF(K9="","",K9/2) | N9: =IF(OR(G9="",K9="",$K$2="",$K$3=""),"",(K9-G9)/($K$3-$K$2)) | O9: =IF(N9="","",IF(N9<=0,"",$K$2-G9/N9)) | P9: =IF(N9="","",3*N9) | Q9: =IF(OR(E9="",G9="",G9=0),"",E9/G9) | R9: =IF(OR(O9="",$P$3=""),"",O9-$P$3)
A10: =Connections!A8 -> Q1 | B10: =Connections!D8 -> 3 | C10: =IF(Connections!E8="","",Connections!E8) -> 3 | D10: =IF(Connections!B8="","",Connections!B8) | H10: =IF(G10="","",G10/2) | L10: =IF(K10="","",K10/2) | N10: =IF(OR(G10="",K10="",$K$2="",$K$3=""),"",(K10-G10)/($K$3-$K$2)) | O10: =IF(N10="","",IF(N10<=0,"",$K$2-G10/N10)) | P10: =IF(N10="","",3*N10) | Q10: =IF(OR(E10="",G10="",G10=0),"",E10/G10) | R10: =IF(OR(O10="",$P$3=""),"",O10-$P$3)
A11: =Connections!A9 -> Q1 | B11: =Connections!D9 -> 4 | C11: =IF(Connections!E9="","",Connections!E9) -> 4 | D11: =IF(Connections!B9="","",Connections!B9) | H11: =IF(G11="","",G11/2) | L11: =IF(K11="","",K11/2) | N11: =IF(OR(G11="",K11="",$K$2="",$K$3=""),"",(K11-G11)/($K$3-$K$2)) | O11: =IF(N11="","",IF(N11<=0,"",$K$2-G11/N11)) | P11: =IF(N11="","",3*N11) | Q11: =IF(OR(E11="",G11="",G11=0),"",E11/G11) | R11: =IF(OR(O11="",$P$3=""),"",O11-$P$3)
A12: =Connections!A10 -> Q1 | B12: =Connections!D10 -> 5 | C12: =IF(Connections!E10="","",Connections!E10) -> 5 | D12: =IF(Connections!B10="","",Connections!B10) | H12: =IF(G12="","",G12/2) | L12: =IF(K12="","",K12/2) | N12: =IF(OR(G12="",K12="",$K$2="",$K$3=""),"",(K12-G12)/($K$3-$K$2)) | O12: =IF(N12="","",IF(N12<=0,"",$K$2-G12/N12)) | P12: =IF(N12="","",3*N12) | Q12: =IF(OR(E12="",G12="",G12=0),"",E12/G12) | R12: =IF(OR(O12="",$P$3=""),"",O12-$P$3)
A13: =Connections!A11 -> Q1 | B13: =Connections!D11 -> 6 | C13: =IF(Connections!E11="","",Connections!E11) -> 6 | D13: =IF(Connections!B11="","",Connections!B11) | H13: =IF(G13="","",G13/2) | L13: =IF(K13="","",K13/2) | N13: =IF(OR(G13="",K13="",$K$2="",$K$3=""),"",(K13-G13)/($K$3-$K$2)) | O13: =IF(N13="","",IF(N13<=0,"",$K$2-G13/N13)) | P13: =IF(N13="","",3*N13) | Q13: =IF(OR(E13="",G13="",G13=0),"",E13/G13) | R13: =IF(OR(O13="",$P$3=""),"",O13-$P$3)
A14: =Connections!A12 -> Q1 | B14: =Connections!D12 -> 7 | C14: =IF(Connections!E12="","",Connections!E12) -> 7 | D14: =IF(Connections!B12="","",Connections!B12) | H14: =IF(G14="","",G14/2) | L14: =IF(K14="","",K14/2) | N14: =IF(OR(G14="",K14="",$K$2="",$K$3=""),"",(K14-G14)/($K$3-$K$2)) | O14: =IF(N14="","",IF(N14<=0,"",$K$2-G14/N14)) | P14: =IF(N14="","",3*N14) | Q14: =IF(OR(E14="",G14="",G14=0),"",E14/G14) | R14: =IF(OR(O14="",$P$3=""),"",O14-$P$3)
A15: =Connections!A13 -> Q1 | B15: =Connections!D13 -> 8 | C15: =IF(Connections!E13="","",Connections!E13) -> 8 | D15: =IF(Connections!B13="","",Connections!B13) | H15: =IF(G15="","",G15/2) | L15: =IF(K15="","",K15/2) | N15: =IF(OR(G15="",K15="",$K$2="",$K$3=""),"",(K15-G15)/($K$3-$K$2)) | O15: =IF(N15="","",IF(N15<=0,"",$K$2-G15/N15)) | P15: =IF(N15="","",3*N15) | Q15: =IF(OR(E15="",G15="",G15=0),"",E15/G15) | R15: =IF(OR(O15="",$P$3=""),"",O15-$P$3)
A16: =Connections!A14 -> Q1 | B16: =Connections!D14 -> 9 | C16: =IF(Connections!E14="","",Connections!E14) -> 9 | D16: =IF(Connections!B14="","",Connections!B14) | H16: =IF(G16="","",G16/2) | L16: =IF(K16="","",K16/2) | N16: =IF(OR(G16="",K16="",$K$2="",$K$3=""),"",(K16-G16)/($K$3-$K$2)) | O16: =IF(N16="","",IF(N16<=0,"",$K$2-G16/N16)) | P16: =IF(N16="","",3*N16) | Q16: =IF(OR(E16="",G16="",G16=0),"",E16/G16) | R16: =IF(OR(O16="",$P$3=""),"",O16-$P$3)
A17: =Connections!A15 -> Q1 | B17: =Connections!D15 -> 10 | C17: =IF(Connections!E15="","",Connections!E15) -> 10 | D17: =IF(Connections!B15="","",Connections!B15) | H17: =IF(G17="","",G17/2) | L17: =IF(K17="","",K17/2) | N17: =IF(OR(G17="",K17="",$K$2="",$K$3=""),"",(K17-G17)/($K$3-$K$2)) | O17: =IF(N17="","",IF(N17<=0,"",$K$2-G17/N17)) | P17: =IF(N17="","",3*N17) | Q17: =IF(OR(E17="",G17="",G17=0),"",E17/G17) | R17: =IF(OR(O17="",$P$3=""),"",O17-$P$3)
A18: =Connections!A16 -> Q1 | B18: =Connections!D16 -> 11 | C18: =IF(Connections!E16="","",Connections!E16) -> 11 | D18: =IF(Connections!B16="","",Connections!B16) | H18: =IF(G18="","",G18/2) | L18: =IF(K18="","",K18/2) | N18: =IF(OR(G18="",K18="",$K$2="",$K$3=""),"",(K18-G18)/($K$3-$K$2)) | O18: =IF(N18="","",IF(N18<=0,"",$K$2-G18/N18)) | P18: =IF(N18="","",3*N18) | Q18: =IF(OR(E18="",G18="",G18=0),"",E18/G18) | R18: =IF(OR(O18="",$P$3=""),"",O18-$P$3)
A19: =Connections!A17 -> Q1 | B19: =Connections!D17 -> 12 | C19: =IF(Connections!E17="","",Connections!E17) -> 12 | D19: =IF(Connections!B17="","",Connections!B17) | H19: =IF(G19="","",G19/2) | L19: =IF(K19="","",K19/2) | N19: =IF(OR(G19="",K19="",$K$2="",$K$3=""),"",(K19-G19)/($K$3-$K$2)) | O19: =IF(N19="","",IF(N19<=0,"",$K$2-G19/N19)) | P19: =IF(N19="","",3*N19) | Q19: =IF(OR(E19="",G19="",G19=0),"",E19/G19) | R19: =IF(OR(O19="",$P$3=""),"",O19-$P$3)
... A103: =Connections!A101 -> Q4 | B103: =Connections!D101 -> 30 | C103: =IF(Connections!E101="","",Connections!E101) -> 30 | D103: =IF(Connections!B101="","",Connections!B101) | H103: =IF(G103="","",G103/2) | L103: =IF(K103="","",K103/2) | N103: =IF(OR(G103="",K103="",$K$2="",$K$3=""),"",(K103-G103)/($K$3-$K$2)) | O103: =IF(N103="","",IF(N103<=0,"",$K$2-G103/N103)) | P103: =IF(N103="","",3*N103) | Q103: =IF(OR(E103="",G103="",G103=0),"",E103/G103) | R103: =IF(OR(O103="",$P$3=""),"",O103-$P$3)

Sheet Coarse char
A1: Coarse characterization: OV +2 to +6 V, 1000 waveforms per step
A2: Temperature (K) | D2: =IF('Initial char'!D2="","",'Initial char'!D2) | F2: Overvoltages (V):
A3: Waveforms / step | D3: 1000 | F3: Threshold (x SPE) | H3: 0.5
F5: OV (V) for each step: | G5: 2 | H5: 3 | I5: 4 | J5: 5 | K5: 6 | L5: =G5 -> 2 | M5: =H5 -> 3 | N5: =I5 -> 4 | O5: =J5 -> 5 | P5: =K5 -> 6
A6: Quad | B6: MUX ch | C6: Digitizer ch | D6: Tile SiPM # | E6: V_BD (V) | F6: A0 (ADC/V) | G6: Bias @OV1 (V) | H6: Bias @OV2 (V) | I6: Bias @OV3 (V) | J6: Bias @OV4 (V) | K6: Bias @OV5 (V) | L6: Thr @OV1 (ADC) | M6: Thr @OV2 (ADC) | N6: Thr @OV3 (ADC) | O6: Thr @OV4 (ADC) | P6: Thr @OV5 (ADC) | Q6: L3 run id / HDF5 | R6: Done? (Y/N) | S6: Checked by | T6: Notes
A7: Q1 | B7: 7 | C7: 7 | D7: 7 | E7: 45.13 | F7: 290 | G7: 47.13 | H7: 48.13 | I7: 49.13 | J7: 50.13 | K7: 51.13 | L7: 290 | M7: 435 | N7: 580 | O7: 725 | P7: 870 | Q7: tile1_Q1_165K_coarse | R7: Y | S7: RS | T7: Example row: format only
A8: ='Initial char'!A8 -> Q1 | B8: ='Initial char'!B8 -> 1 | C8: ='Initial char'!C8 -> 1 | D8: ='Initial char'!D8 | E8: =IF('Initial char'!O8="","",'Initial char'!O8) | F8: =IF('Initial char'!N8="","",'Initial char'!N8) | G8: =IF($E8="","",$E8+G$5) | H8: =IF($E8="","",$E8+H$5) | I8: =IF($E8="","",$E8+I$5) | J8: =IF($E8="","",$E8+J$5) | K8: =IF($E8="","",$E8+K$5) | L8: =IF($F8="","",ROUND($H$3*$F8*G$5,0)) | M8: =IF($F8="","",ROUND($H$3*$F8*H$5,0)) | N8: =IF($F8="","",ROUND($H$3*$F8*I$5,0)) | O8: =IF($F8="","",ROUND($H$3*$F8*J$5,0)) | P8: =IF($F8="","",ROUND($H$3*$F8*K$5,0))
A9: ='Initial char'!A9 -> Q1 | B9: ='Initial char'!B9 -> 2 | C9: ='Initial char'!C9 -> 2 | D9: ='Initial char'!D9 | E9: =IF('Initial char'!O9="","",'Initial char'!O9) | F9: =IF('Initial char'!N9="","",'Initial char'!N9) | G9: =IF($E9="","",$E9+G$5) | H9: =IF($E9="","",$E9+H$5) | I9: =IF($E9="","",$E9+I$5) | J9: =IF($E9="","",$E9+J$5) | K9: =IF($E9="","",$E9+K$5) | L9: =IF($F9="","",ROUND($H$3*$F9*G$5,0)) | M9: =IF($F9="","",ROUND($H$3*$F9*H$5,0)) | N9: =IF($F9="","",ROUND($H$3*$F9*I$5,0)) | O9: =IF($F9="","",ROUND($H$3*$F9*J$5,0)) | P9: =IF($F9="","",ROUND($H$3*$F9*K$5,0))
A10: ='Initial char'!A10 -> Q1 | B10: ='Initial char'!B10 -> 3 | C10: ='Initial char'!C10 -> 3 | D10: ='Initial char'!D10 | E10: =IF('Initial char'!O10="","",'Initial char'!O10) | F10: =IF('Initial char'!N10="","",'Initial char'!N10) | G10: =IF($E10="","",$E10+G$5) | H10: =IF($E10="","",$E10+H$5) | I10: =IF($E10="","",$E10+I$5) | J10: =IF($E10="","",$E10+J$5) | K10: =IF($E10="","",$E10+K$5) | L10: =IF($F10="","",ROUND($H$3*$F10*G$5,0)) | M10: =IF($F10="","",ROUND($H$3*$F10*H$5,0)) | N10: =IF($F10="","",ROUND($H$3*$F10*I$5,0)) | O10: =IF($F10="","",ROUND($H$3*$F10*J$5,0)) | P10: =IF($F10="","",ROUND($H$3*$F10*K$5,0))
A11: ='Initial char'!A11 -> Q1 | B11: ='Initial char'!B11 -> 4 | C11: ='Initial char'!C11 -> 4 | D11: ='Initial char'!D11 | E11: =IF('Initial char'!O11="","",'Initial char'!O11) | F11: =IF('Initial char'!N11="","",'Initial char'!N11) | G11: =IF($E11="","",$E11+G$5) | H11: =IF($E11="","",$E11+H$5) | I11: =IF($E11="","",$E11+I$5) | J11: =IF($E11="","",$E11+J$5) | K11: =IF($E11="","",$E11+K$5) | L11: =IF($F11="","",ROUND($H$3*$F11*G$5,0)) | M11: =IF($F11="","",ROUND($H$3*$F11*H$5,0)) | N11: =IF($F11="","",ROUND($H$3*$F11*I$5,0)) | O11: =IF($F11="","",ROUND($H$3*$F11*J$5,0)) | P11: =IF($F11="","",ROUND($H$3*$F11*K$5,0))
A12: ='Initial char'!A12 -> Q1 | B12: ='Initial char'!B12 -> 5 | C12: ='Initial char'!C12 -> 5 | D12: ='Initial char'!D12 | E12: =IF('Initial char'!O12="","",'Initial char'!O12) | F12: =IF('Initial char'!N12="","",'Initial char'!N12) | G12: =IF($E12="","",$E12+G$5) | H12: =IF($E12="","",$E12+H$5) | I12: =IF($E12="","",$E12+I$5) | J12: =IF($E12="","",$E12+J$5) | K12: =IF($E12="","",$E12+K$5) | L12: =IF($F12="","",ROUND($H$3*$F12*G$5,0)) | M12: =IF($F12="","",ROUND($H$3*$F12*H$5,0)) | N12: =IF($F12="","",ROUND($H$3*$F12*I$5,0)) | O12: =IF($F12="","",ROUND($H$3*$F12*J$5,0)) | P12: =IF($F12="","",ROUND($H$3*$F12*K$5,0))
A13: ='Initial char'!A13 -> Q1 | B13: ='Initial char'!B13 -> 6 | C13: ='Initial char'!C13 -> 6 | D13: ='Initial char'!D13 | E13: =IF('Initial char'!O13="","",'Initial char'!O13) | F13: =IF('Initial char'!N13="","",'Initial char'!N13) | G13: =IF($E13="","",$E13+G$5) | H13: =IF($E13="","",$E13+H$5) | I13: =IF($E13="","",$E13+I$5) | J13: =IF($E13="","",$E13+J$5) | K13: =IF($E13="","",$E13+K$5) | L13: =IF($F13="","",ROUND($H$3*$F13*G$5,0)) | M13: =IF($F13="","",ROUND($H$3*$F13*H$5,0)) | N13: =IF($F13="","",ROUND($H$3*$F13*I$5,0)) | O13: =IF($F13="","",ROUND($H$3*$F13*J$5,0)) | P13: =IF($F13="","",ROUND($H$3*$F13*K$5,0))
A14: ='Initial char'!A14 -> Q1 | B14: ='Initial char'!B14 -> 7 | C14: ='Initial char'!C14 -> 7 | D14: ='Initial char'!D14 | E14: =IF('Initial char'!O14="","",'Initial char'!O14) | F14: =IF('Initial char'!N14="","",'Initial char'!N14) | G14: =IF($E14="","",$E14+G$5) | H14: =IF($E14="","",$E14+H$5) | I14: =IF($E14="","",$E14+I$5) | J14: =IF($E14="","",$E14+J$5) | K14: =IF($E14="","",$E14+K$5) | L14: =IF($F14="","",ROUND($H$3*$F14*G$5,0)) | M14: =IF($F14="","",ROUND($H$3*$F14*H$5,0)) | N14: =IF($F14="","",ROUND($H$3*$F14*I$5,0)) | O14: =IF($F14="","",ROUND($H$3*$F14*J$5,0)) | P14: =IF($F14="","",ROUND($H$3*$F14*K$5,0))
A15: ='Initial char'!A15 -> Q1 | B15: ='Initial char'!B15 -> 8 | C15: ='Initial char'!C15 -> 8 | D15: ='Initial char'!D15 | E15: =IF('Initial char'!O15="","",'Initial char'!O15) | F15: =IF('Initial char'!N15="","",'Initial char'!N15) | G15: =IF($E15="","",$E15+G$5) | H15: =IF($E15="","",$E15+H$5) | I15: =IF($E15="","",$E15+I$5) | J15: =IF($E15="","",$E15+J$5) | K15: =IF($E15="","",$E15+K$5) | L15: =IF($F15="","",ROUND($H$3*$F15*G$5,0)) | M15: =IF($F15="","",ROUND($H$3*$F15*H$5,0)) | N15: =IF($F15="","",ROUND($H$3*$F15*I$5,0)) | O15: =IF($F15="","",ROUND($H$3*$F15*J$5,0)) | P15: =IF($F15="","",ROUND($H$3*$F15*K$5,0))
A16: ='Initial char'!A16 -> Q1 | B16: ='Initial char'!B16 -> 9 | C16: ='Initial char'!C16 -> 9 | D16: ='Initial char'!D16 | E16: =IF('Initial char'!O16="","",'Initial char'!O16) | F16: =IF('Initial char'!N16="","",'Initial char'!N16) | G16: =IF($E16="","",$E16+G$5) | H16: =IF($E16="","",$E16+H$5) | I16: =IF($E16="","",$E16+I$5) | J16: =IF($E16="","",$E16+J$5) | K16: =IF($E16="","",$E16+K$5) | L16: =IF($F16="","",ROUND($H$3*$F16*G$5,0)) | M16: =IF($F16="","",ROUND($H$3*$F16*H$5,0)) | N16: =IF($F16="","",ROUND($H$3*$F16*I$5,0)) | O16: =IF($F16="","",ROUND($H$3*$F16*J$5,0)) | P16: =IF($F16="","",ROUND($H$3*$F16*K$5,0))
A17: ='Initial char'!A17 -> Q1 | B17: ='Initial char'!B17 -> 10 | C17: ='Initial char'!C17 -> 10 | D17: ='Initial char'!D17 | E17: =IF('Initial char'!O17="","",'Initial char'!O17) | F17: =IF('Initial char'!N17="","",'Initial char'!N17) | G17: =IF($E17="","",$E17+G$5) | H17: =IF($E17="","",$E17+H$5) | I17: =IF($E17="","",$E17+I$5) | J17: =IF($E17="","",$E17+J$5) | K17: =IF($E17="","",$E17+K$5) | L17: =IF($F17="","",ROUND($H$3*$F17*G$5,0)) | M17: =IF($F17="","",ROUND($H$3*$F17*H$5,0)) | N17: =IF($F17="","",ROUND($H$3*$F17*I$5,0)) | O17: =IF($F17="","",ROUND($H$3*$F17*J$5,0)) | P17: =IF($F17="","",ROUND($H$3*$F17*K$5,0))
A18: ='Initial char'!A18 -> Q1 | B18: ='Initial char'!B18 -> 11 | C18: ='Initial char'!C18 -> 11 | D18: ='Initial char'!D18 | E18: =IF('Initial char'!O18="","",'Initial char'!O18) | F18: =IF('Initial char'!N18="","",'Initial char'!N18) | G18: =IF($E18="","",$E18+G$5) | H18: =IF($E18="","",$E18+H$5) | I18: =IF($E18="","",$E18+I$5) | J18: =IF($E18="","",$E18+J$5) | K18: =IF($E18="","",$E18+K$5) | L18: =IF($F18="","",ROUND($H$3*$F18*G$5,0)) | M18: =IF($F18="","",ROUND($H$3*$F18*H$5,0)) | N18: =IF($F18="","",ROUND($H$3*$F18*I$5,0)) | O18: =IF($F18="","",ROUND($H$3*$F18*J$5,0)) | P18: =IF($F18="","",ROUND($H$3*$F18*K$5,0))
A19: ='Initial char'!A19 -> Q1 | B19: ='Initial char'!B19 -> 12 | C19: ='Initial char'!C19 -> 12 | D19: ='Initial char'!D19 | E19: =IF('Initial char'!O19="","",'Initial char'!O19) | F19: =IF('Initial char'!N19="","",'Initial char'!N19) | G19: =IF($E19="","",$E19+G$5) | H19: =IF($E19="","",$E19+H$5) | I19: =IF($E19="","",$E19+I$5) | J19: =IF($E19="","",$E19+J$5) | K19: =IF($E19="","",$E19+K$5) | L19: =IF($F19="","",ROUND($H$3*$F19*G$5,0)) | M19: =IF($F19="","",ROUND($H$3*$F19*H$5,0)) | N19: =IF($F19="","",ROUND($H$3*$F19*I$5,0)) | O19: =IF($F19="","",ROUND($H$3*$F19*J$5,0)) | P19: =IF($F19="","",ROUND($H$3*$F19*K$5,0))
... A103: ='Initial char'!A103 -> Q4 | B103: ='Initial char'!B103 -> 30 | C103: ='Initial char'!C103 -> 30 | D103: ='Initial char'!D103 | E103: =IF('Initial char'!O103="","",'Initial char'!O103) | F103: =IF('Initial char'!N103="","",'Initial char'!N103) | G103: =IF($E103="","",$E103+G$5) | H103: =IF($E103="","",$E103+H$5) | I103: =IF($E103="","",$E103+I$5) | J103: =IF($E103="","",$E103+J$5) | K103: =IF($E103="","",$E103+K$5) | L103: =IF($F103="","",ROUND($H$3*$F103*G$5,0)) | M103: =IF($F103="","",ROUND($H$3*$F103*H$5,0)) | N103: =IF($F103="","",ROUND($H$3*$F103*I$5,0)) | O103: =IF($F103="","",ROUND($H$3*$F103*J$5,0)) | P103: =IF($F103="","",ROUND($H$3*$F103*K$5,0))

Sheet Shift log
A1: Shift log: one row per lab visit or task
A2: While the ventilation is off, text the group when you enter and when you leave the lab. Check the O2 monitor by the cryostat before handling LN2.
A4: Date | B4: Time in | C4: Time out | D4: Operator(s) | E4: Temperature (K) | F4: Quad / cabling | G4: Activity | H4: What was done | I4: Files (HDF5, YAML, channel table) | J4: Lab book entry | K4: Issues / anomalies | L4: Next step | M4: Group texted in/out? (Y/N)
A5: 2026-10-03 | B5: 09:30 | C5: 12:10 | D5: Lei | E5: 165 | F5: Q1 | G5: initial char | H5: Initial characterization of Q1, MUX 1-16, 23-30 at OV +3/+4 V, 100 wfs, thr 420 ADC. | I5: tile1_Q1_165K; data/characterization/tile1_Q1_165K/initial_20261003_101500.h5 | J5: Initial characterization · tile1_Q1_165K · 165 K | K5: MUX 9: no pulses, reseated cable | L5: Coarse sweep Q1 | M5: Y
